Route,Scenario,ρ,Strategy,Seated,EPR,Strategy-induced (%),Utilization (%)
Demo Line (fictional),short,1.0,First-fit,265.6 ± 2.9,0.992 ± 0.002,0.1 ± 0.1,79.8 ± 0.6
Demo Line (fictional),short,1.0,Best-fit,265.6 ± 2.9,0.992 ± 0.002,0.0 ± 0.0,79.8 ± 0.6
Demo Line (fictional),short,1.0,Random-fit,263.0 ± 2.8,0.982 ± 0.002,4.0 ± 0.5,76.7 ± 0.5
Demo Line (fictional),short,1.0,Deferred,265.6 ± 2.9,0.992 ± 0.002,0.0 ± 0.0,79.9 ± 0.6
Demo Line (fictional),short,1.0,Optimum,267.9 ± 3.0,1.000 ± 0.000,,72.4 ± 0.8
Demo Line (fictional),short,1.4,First-fit,316.6 ± 3.3,0.944 ± 0.004,0.2 ± 0.1,90.0 ± 0.5
Demo Line (fictional),short,1.4,Best-fit,316.5 ± 3.3,0.944 ± 0.004,0.0 ± 0.0,90.1 ± 0.5
Demo Line (fictional),short,1.4,Random-fit,319.6 ± 3.2,0.953 ± 0.003,6.5 ± 0.5,87.1 ± 0.5
Demo Line (fictional),short,1.4,Deferred,316.5 ± 3.3,0.944 ± 0.004,0.0 ± 0.0,90.1 ± 0.5
Demo Line (fictional),short,1.4,Optimum,335.2 ± 3.2,1.000 ± 0.000,,79.0 ± 0.8
Demo Line (fictional),long,1.0,First-fit,110.9 ± 1.2,0.983 ± 0.003,5.9 ± 1.7,74.0 ± 0.6
Demo Line (fictional),long,1.0,Best-fit,111.3 ± 1.2,0.987 ± 0.003,2.6 ± 1.2,74.3 ± 0.6
Demo Line (fictional),long,1.0,Random-fit,110.0 ± 1.1,0.975 ± 0.003,22.0 ± 0.8,71.2 ± 0.5
Demo Line (fictional),long,1.0,Deferred,111.4 ± 1.2,0.988 ± 0.003,0.0 ± 0.0,74.5 ± 0.6
Demo Line (fictional),long,1.0,Optimum,112.9 ± 1.3,1.000 ± 0.000,,72.0 ± 0.7
Demo Line (fictional),long,1.4,First-fit,121.5 ± 1.3,0.937 ± 0.006,7.0 ± 2.0,77.7 ± 0.6
Demo Line (fictional),long,1.4,Best-fit,121.7 ± 1.3,0.939 ± 0.007,3.8 ± 1.5,78.0 ± 0.6
Demo Line (fictional),long,1.4,Random-fit,123.0 ± 1.2,0.948 ± 0.004,31.2 ± 2.0,76.0 ± 0.6
Demo Line (fictional),long,1.4,Deferred,121.8 ± 1.3,0.939 ± 0.007,0.0 ± 0.0,78.1 ± 0.6
Demo Line (fictional),long,1.4,Optimum,129.8 ± 1.5,1.000 ± 0.000,,74.2 ± 0.7
Demo Line (fictional),mixed,1.0,First-fit,162.2 ± 2.0,0.985 ± 0.003,0.4 ± 0.3,77.3 ± 0.7
Demo Line (fictional),mixed,1.0,Best-fit,162.3 ± 2.0,0.985 ± 0.003,0.1 ± 0.1,77.4 ± 0.7
Demo Line (fictional),mixed,1.0,Random-fit,162.2 ± 1.9,0.985 ± 0.002,13.3 ± 0.8,73.2 ± 0.5
Demo Line (fictional),mixed,1.0,Deferred,162.2 ± 2.0,0.985 ± 0.003,0.0 ± 0.0,77.4 ± 0.7
Demo Line (fictional),mixed,1.0,Optimum,164.8 ± 2.0,1.000 ± 0.000,,70.1 ± 0.9
Demo Line (fictional),mixed,1.4,First-fit,191.3 ± 2.1,0.942 ± 0.005,0.6 ± 0.2,84.4 ± 0.7
Demo Line (fictional),mixed,1.4,Best-fit,191.1 ± 2.1,0.941 ± 0.006,0.1 ± 0.1,84.5 ± 0.7
Demo Line (fictional),mixed,1.4,Random-fit,195.0 ± 2.1,0.960 ± 0.004,13.6 ± 1.2,81.4 ± 0.7
Demo Line (fictional),mixed,1.4,Deferred,191.0 ± 2.1,0.940 ± 0.006,0.0 ± 0.0,84.5 ± 0.7
Demo Line (fictional),mixed,1.4,Optimum,203.3 ± 2.4,1.000 ± 0.000,,73.8 ± 0.9
Demo Line (fictional),uniform,1.0,First-fit,162.2 ± 2.1,0.988 ± 0.003,0.4 ± 0.3,77.2 ± 0.6
Demo Line (fictional),uniform,1.0,Best-fit,162.3 ± 2.1,0.989 ± 0.003,0.3 ± 0.3,77.2 ± 0.6
Demo Line (fictional),uniform,1.0,Random-fit,162.3 ± 2.1,0.989 ± 0.002,13.1 ± 0.9,73.9 ± 0.5
Demo Line (fictional),uniform,1.0,Deferred,162.3 ± 2.1,0.989 ± 0.003,0.0 ± 0.0,77.2 ± 0.6
Demo Line (fictional),uniform,1.0,Optimum,164.2 ± 2.2,1.000 ± 0.000,,69.7 ± 0.9
Demo Line (fictional),uniform,1.4,First-fit,190.9 ± 2.2,0.952 ± 0.006,0.6 ± 0.3,84.6 ± 0.7
Demo Line (fictional),uniform,1.4,Best-fit,190.9 ± 2.1,0.952 ± 0.006,0.1 ± 0.1,84.7 ± 0.7
Demo Line (fictional),uniform,1.4,Random-fit,193.6 ± 2.2,0.965 ± 0.004,14.0 ± 1.4,81.6 ± 0.6
Demo Line (fictional),uniform,1.4,Deferred,190.8 ± 2.2,0.951 ± 0.006,0.0 ± 0.0,84.6 ± 0.7
Demo Line (fictional),uniform,1.4,Optimum,200.8 ± 2.5,1.000 ± 0.000,,75.1 ± 0.9
Punjab Mail (12137),short,1.0,First-fit,401.6 ± 4.8,0.951 ± 0.003,7.2 ± 0.8,73.3 ± 0.4
Punjab Mail (12137),short,1.0,Best-fit,403.6 ± 4.8,0.956 ± 0.003,3.2 ± 0.6,74.3 ± 0.4
Punjab Mail (12137),short,1.0,Random-fit,398.4 ± 4.6,0.944 ± 0.002,15.4 ± 0.2,66.9 ± 0.3
Punjab Mail (12137),short,1.0,Deferred,404.5 ± 4.9,0.958 ± 0.003,0.0 ± 0.0,74.8 ± 0.4
Punjab Mail (12137),short,1.0,Optimum,422.4 ± 4.9,1.000 ± 0.000,,68.8 ± 0.6
Punjab Mail (12137),short,1.4,First-fit,485.8 ± 4.7,0.890 ± 0.003,10.7 ± 0.9,80.0 ± 0.4
Punjab Mail (12137),short,1.4,Best-fit,486.2 ± 4.7,0.891 ± 0.003,4.0 ± 0.7,81.1 ± 0.4
Punjab Mail (12137),short,1.4,Random-fit,494.6 ± 4.7,0.906 ± 0.002,23.9 ± 0.5,74.4 ± 0.3
Punjab Mail (12137),short,1.4,Deferred,486.1 ± 4.8,0.891 ± 0.003,0.0 ± 0.0,81.7 ± 0.4
Punjab Mail (12137),short,1.4,Optimum,545.7 ± 5.2,1.000 ± 0.000,,76.5 ± 0.6
Punjab Mail (12137),long,1.0,First-fit,128.0 ± 1.5,0.966 ± 0.003,18.1 ± 1.7,71.3 ± 0.5
Punjab Mail (12137),long,1.0,Best-fit,129.4 ± 1.6,0.976 ± 0.003,11.9 ± 2.0,72.2 ± 0.5
Punjab Mail (12137),long,1.0,Random-fit,126.5 ± 1.5,0.955 ± 0.003,24.1 ± 0.5,68.1 ± 0.5
Punjab Mail (12137),long,1.0,Deferred,130.5 ± 1.6,0.984 ± 0.003,0.0 ± 0.0,73.0 ± 0.5
Punjab Mail (12137),long,1.0,Optimum,132.6 ± 1.6,1.000 ± 0.000,,70.3 ± 0.6
Punjab Mail (12137),long,1.4,First-fit,143.9 ± 1.4,0.916 ± 0.006,24.5 ± 2.9,74.9 ± 0.4
Punjab Mail (12137),long,1.4,Best-fit,146.2 ± 1.5,0.930 ± 0.006,14.3 ± 2.6,76.1 ± 0.5
Punjab Mail (12137),long,1.4,Random-fit,144.1 ± 1.5,0.916 ± 0.005,37.8 ± 0.6,72.3 ± 0.5
Punjab Mail (12137),long,1.4,Deferred,146.9 ± 1.6,0.934 ± 0.006,0.0 ± 0.0,76.8 ± 0.5
Punjab Mail (12137),long,1.4,Optimum,157.4 ± 1.9,1.000 ± 0.000,,73.2 ± 0.6
Punjab Mail (12137),mixed,1.0,First-fit,208.8 ± 2.5,0.957 ± 0.003,9.5 ± 1.1,75.8 ± 0.4
Punjab Mail (12137),mixed,1.0,Best-fit,210.2 ± 2.5,0.964 ± 0.004,5.8 ± 1.0,76.7 ± 0.4
Punjab Mail (12137),mixed,1.0,Random-fit,206.0 ± 2.5,0.944 ± 0.003,16.6 ± 0.3,68.4 ± 0.4
Punjab Mail (12137),mixed,1.0,Deferred,211.2 ± 2.5,0.968 ± 0.004,0.0 ± 0.0,77.5 ± 0.5
Punjab Mail (12137),mixed,1.0,Optimum,218.2 ± 2.7,1.000 ± 0.000,,72.9 ± 0.6
Punjab Mail (12137),mixed,1.4,First-fit,248.2 ± 2.8,0.894 ± 0.005,14.7 ± 1.5,80.6 ± 0.4
Punjab Mail (12137),mixed,1.4,Best-fit,249.3 ± 2.7,0.899 ± 0.005,7.5 ± 1.2,81.8 ± 0.4
Punjab Mail (12137),mixed,1.4,Random-fit,252.1 ± 2.7,0.908 ± 0.004,26.7 ± 0.4,74.3 ± 0.4
Punjab Mail (12137),mixed,1.4,Deferred,249.3 ± 2.7,0.899 ± 0.005,0.0 ± 0.0,82.6 ± 0.5
Punjab Mail (12137),mixed,1.4,Optimum,277.6 ± 3.2,1.000 ± 0.000,,77.1 ± 0.6
Punjab Mail (12137),uniform,1.0,First-fit,206.7 ± 2.5,0.956 ± 0.003,12.3 ± 1.0,75.3 ± 0.5
Punjab Mail (12137),uniform,1.0,Best-fit,208.4 ± 2.5,0.964 ± 0.003,6.0 ± 1.0,76.3 ± 0.5
Punjab Mail (12137),uniform,1.0,Random-fit,204.2 ± 2.4,0.945 ± 0.003,17.1 ± 0.3,68.9 ± 0.4
Punjab Mail (12137),uniform,1.0,Deferred,209.3 ± 2.5,0.968 ± 0.003,0.0 ± 0.0,77.1 ± 0.5
Punjab Mail (12137),uniform,1.0,Optimum,216.3 ± 2.8,1.000 ± 0.000,,71.6 ± 0.7
Punjab Mail (12137),uniform,1.4,First-fit,244.0 ± 2.9,0.884 ± 0.004,19.7 ± 1.7,79.8 ± 0.4
Punjab Mail (12137),uniform,1.4,Best-fit,245.7 ± 2.9,0.890 ± 0.005,9.8 ± 1.4,81.0 ± 0.4
Punjab Mail (12137),uniform,1.4,Random-fit,247.1 ± 2.8,0.895 ± 0.004,28.6 ± 0.3,74.1 ± 0.4
Punjab Mail (12137),uniform,1.4,Deferred,245.7 ± 3.0,0.890 ± 0.005,0.0 ± 0.0,81.8 ± 0.4
Punjab Mail (12137),uniform,1.4,Optimum,276.1 ± 3.3,1.000 ± 0.000,,77.3 ± 0.6
Vivek Express (22503),short,1.0,First-fit,414.8 ± 4.8,0.932 ± 0.002,9.2 ± 0.8,73.4 ± 0.4
Vivek Express (22503),short,1.0,Best-fit,416.3 ± 4.9,0.935 ± 0.003,4.7 ± 0.6,74.3 ± 0.4
Vivek Express (22503),short,1.0,Random-fit,413.9 ± 4.6,0.930 ± 0.002,15.7 ± 0.2,67.0 ± 0.3
Vivek Express (22503),short,1.0,Deferred,416.9 ± 5.0,0.937 ± 0.003,0.0 ± 0.0,74.8 ± 0.4
Vivek Express (22503),short,1.0,Optimum,445.0 ± 4.8,1.000 ± 0.000,,70.9 ± 0.5
Vivek Express (22503),short,1.4,First-fit,493.6 ± 4.6,0.871 ± 0.003,11.3 ± 1.0,79.2 ± 0.3
Vivek Express (22503),short,1.4,Best-fit,493.4 ± 4.7,0.871 ± 0.003,4.8 ± 0.7,80.2 ± 0.3
Vivek Express (22503),short,1.4,Random-fit,508.6 ± 4.5,0.898 ± 0.002,25.1 ± 0.4,73.7 ± 0.3
Vivek Express (22503),short,1.4,Deferred,492.4 ± 4.7,0.869 ± 0.003,0.0 ± 0.0,80.8 ± 0.4
Vivek Express (22503),short,1.4,Optimum,566.7 ± 5.0,1.000 ± 0.000,,75.8 ± 0.5
Vivek Express (22503),long,1.0,First-fit,126.0 ± 1.4,0.956 ± 0.004,17.9 ± 2.2,67.3 ± 0.5
Vivek Express (22503),long,1.0,Best-fit,127.2 ± 1.5,0.965 ± 0.004,10.9 ± 2.1,68.0 ± 0.5
Vivek Express (22503),long,1.0,Random-fit,125.1 ± 1.4,0.949 ± 0.003,27.8 ± 0.5,64.4 ± 0.5
Vivek Express (22503),long,1.0,Deferred,128.0 ± 1.5,0.971 ± 0.004,0.0 ± 0.0,68.6 ± 0.5
Vivek Express (22503),long,1.0,Optimum,131.9 ± 1.6,1.000 ± 0.000,,66.2 ± 0.6
Vivek Express (22503),long,1.4,First-fit,140.8 ± 1.4,0.898 ± 0.007,25.1 ± 3.1,71.0 ± 0.5
Vivek Express (22503),long,1.4,Best-fit,142.6 ± 1.5,0.910 ± 0.007,12.1 ± 2.6,72.0 ± 0.6
Vivek Express (22503),long,1.4,Random-fit,141.4 ± 1.4,0.902 ± 0.006,40.8 ± 0.9,68.7 ± 0.5
Vivek Express (22503),long,1.4,Deferred,142.9 ± 1.5,0.911 ± 0.007,0.0 ± 0.0,72.4 ± 0.6
Vivek Express (22503),long,1.4,Optimum,157.0 ± 2.0,1.000 ± 0.000,,69.9 ± 0.6
Vivek Express (22503),mixed,1.0,First-fit,211.0 ± 2.4,0.957 ± 0.004,11.7 ± 1.2,72.5 ± 0.5
Vivek Express (22503),mixed,1.0,Best-fit,212.1 ± 2.4,0.962 ± 0.004,5.8 ± 1.1,73.4 ± 0.5
Vivek Express (22503),mixed,1.0,Random-fit,209.0 ± 2.4,0.948 ± 0.003,18.7 ± 0.3,65.8 ± 0.5
Vivek Express (22503),mixed,1.0,Deferred,212.6 ± 2.5,0.965 ± 0.005,0.0 ± 0.0,74.0 ± 0.5
Vivek Express (22503),mixed,1.0,Optimum,220.5 ± 2.7,1.000 ± 0.000,,68.9 ± 0.7
Vivek Express (22503),mixed,1.4,First-fit,249.3 ± 2.6,0.887 ± 0.005,13.1 ± 1.5,78.3 ± 0.4
Vivek Express (22503),mixed,1.4,Best-fit,250.0 ± 2.6,0.889 ± 0.006,6.9 ± 1.2,79.2 ± 0.4
Vivek Express (22503),mixed,1.4,Random-fit,254.8 ± 2.6,0.906 ± 0.004,28.4 ± 0.5,72.0 ± 0.4
Vivek Express (22503),mixed,1.4,Deferred,249.7 ± 2.6,0.888 ± 0.006,0.0 ± 0.0,79.8 ± 0.4
Vivek Express (22503),mixed,1.4,Optimum,281.3 ± 3.1,1.000 ± 0.000,,74.2 ± 0.6
Vivek Express (22503),uniform,1.0,First-fit,209.5 ± 2.5,0.954 ± 0.004,11.8 ± 1.4,72.5 ± 0.5
Vivek Express (22503),uniform,1.0,Best-fit,211.2 ± 2.6,0.961 ± 0.004,7.3 ± 1.2,73.5 ± 0.5
Vivek Express (22503),uniform,1.0,Random-fit,207.1 ± 2.5,0.943 ± 0.003,19.3 ± 0.4,66.6 ± 0.5
Vivek Express (22503),uniform,1.0,Deferred,212.1 ± 2.6,0.966 ± 0.004,0.0 ± 0.0,74.3 ± 0.6
Vivek Express (22503),uniform,1.0,Optimum,219.8 ± 2.9,1.000 ± 0.000,,68.9 ± 0.7
Vivek Express (22503),uniform,1.4,First-fit,246.5 ± 2.8,0.881 ± 0.005,18.4 ± 1.7,77.8 ± 0.4
Vivek Express (22503),uniform,1.4,Best-fit,248.3 ± 2.8,0.888 ± 0.006,7.5 ± 1.2,79.2 ± 0.4
Vivek Express (22503),uniform,1.4,Random-fit,250.3 ± 2.8,0.895 ± 0.004,29.8 ± 0.6,72.5 ± 0.4
Vivek Express (22503),uniform,1.4,Deferred,248.1 ± 2.8,0.887 ± 0.006,0.0 ± 0.0,79.7 ± 0.4
Vivek Express (22503),uniform,1.4,Optimum,279.9 ± 3.4,1.000 ± 0.000,,75.0 ± 0.6
Vande Bharat Pune-Ajni (26101),short,1.0,First-fit,295.3 ± 2.5,0.939 ± 0.004,0.1 ± 0.0,78.5 ± 0.5
Vande Bharat Pune-Ajni (26101),short,1.0,Best-fit,295.3 ± 2.5,0.939 ± 0.004,0.0 ± 0.0,78.5 ± 0.5
Vande Bharat Pune-Ajni (26101),short,1.0,Random-fit,299.5 ± 2.6,0.952 ± 0.004,5.1 ± 0.4,76.3 ± 0.4
Vande Bharat Pune-Ajni (26101),short,1.0,Deferred,295.3 ± 2.5,0.939 ± 0.004,0.0 ± 0.0,78.5 ± 0.5
Vande Bharat Pune-Ajni (26101),short,1.0,Optimum,314.7 ± 2.6,1.000 ± 0.000,,74.5 ± 0.6
Vande Bharat Pune-Ajni (26101),short,1.4,First-fit,341.4 ± 2.7,0.888 ± 0.003,0.3 ± 0.1,87.0 ± 0.4
Vande Bharat Pune-Ajni (26101),short,1.4,Best-fit,341.4 ± 2.7,0.888 ± 0.003,0.0 ± 0.0,87.2 ± 0.5
Vande Bharat Pune-Ajni (26101),short,1.4,Random-fit,346.0 ± 2.6,0.900 ± 0.003,5.4 ± 0.4,84.1 ± 0.4
Vande Bharat Pune-Ajni (26101),short,1.4,Deferred,341.5 ± 2.7,0.888 ± 0.003,0.0 ± 0.0,87.2 ± 0.5
Vande Bharat Pune-Ajni (26101),short,1.4,Optimum,384.5 ± 2.8,1.000 ± 0.000,,80.8 ± 0.5
Vande Bharat Pune-Ajni (26101),long,1.0,First-fit,113.8 ± 1.3,0.986 ± 0.003,3.1 ± 1.5,69.1 ± 0.7
Vande Bharat Pune-Ajni (26101),long,1.0,Best-fit,114.0 ± 1.3,0.987 ± 0.003,1.8 ± 1.1,69.2 ± 0.7
Vande Bharat Pune-Ajni (26101),long,1.0,Random-fit,113.8 ± 1.3,0.985 ± 0.003,22.1 ± 1.6,66.8 ± 0.6
Vande Bharat Pune-Ajni (26101),long,1.0,Deferred,114.1 ± 1.4,0.988 ± 0.003,0.0 ± 0.0,69.4 ± 0.7
Vande Bharat Pune-Ajni (26101),long,1.0,Optimum,115.5 ± 1.4,1.000 ± 0.000,,67.2 ± 0.7
Vande Bharat Pune-Ajni (26101),long,1.4,First-fit,125.4 ± 1.4,0.942 ± 0.007,3.7 ± 1.6,73.4 ± 0.6
Vande Bharat Pune-Ajni (26101),long,1.4,Best-fit,125.5 ± 1.4,0.943 ± 0.007,1.4 ± 1.1,73.6 ± 0.6
Vande Bharat Pune-Ajni (26101),long,1.4,Random-fit,127.0 ± 1.3,0.954 ± 0.006,26.3 ± 2.8,71.9 ± 0.6
Vande Bharat Pune-Ajni (26101),long,1.4,Deferred,125.5 ± 1.4,0.943 ± 0.008,0.0 ± 0.0,73.7 ± 0.6
Vande Bharat Pune-Ajni (26101),long,1.4,Optimum,133.3 ± 1.6,1.000 ± 0.000,,70.6 ± 0.7
Vande Bharat Pune-Ajni (26101),mixed,1.0,First-fit,173.3 ± 1.9,0.958 ± 0.005,0.2 ± 0.1,73.1 ± 0.7
Vande Bharat Pune-Ajni (26101),mixed,1.0,Best-fit,173.3 ± 1.8,0.959 ± 0.005,0.1 ± 0.1,73.1 ± 0.7
Vande Bharat Pune-Ajni (26101),mixed,1.0,Random-fit,176.0 ± 1.9,0.973 ± 0.003,11.8 ± 0.9,69.8 ± 0.6
Vande Bharat Pune-Ajni (26101),mixed,1.0,Deferred,173.3 ± 1.8,0.958 ± 0.005,0.0 ± 0.0,73.1 ± 0.7
Vande Bharat Pune-Ajni (26101),mixed,1.0,Optimum,180.9 ± 2.1,1.000 ± 0.000,,68.9 ± 0.8
Vande Bharat Pune-Ajni (26101),mixed,1.4,First-fit,201.2 ± 1.9,0.890 ± 0.006,0.3 ± 0.1,80.2 ± 0.6
Vande Bharat Pune-Ajni (26101),mixed,1.4,Best-fit,201.2 ± 1.9,0.890 ± 0.006,0.1 ± 0.1,80.3 ± 0.6
Vande Bharat Pune-Ajni (26101),mixed,1.4,Random-fit,208.2 ± 1.9,0.920 ± 0.004,11.7 ± 1.0,77.4 ± 0.5
Vande Bharat Pune-Ajni (26101),mixed,1.4,Deferred,201.1 ± 1.9,0.890 ± 0.006,0.0 ± 0.0,80.3 ± 0.6
Vande Bharat Pune-Ajni (26101),mixed,1.4,Optimum,226.3 ± 2.3,1.000 ± 0.000,,74.1 ± 0.7
Vande Bharat Pune-Ajni (26101),uniform,1.0,First-fit,174.8 ± 2.1,0.957 ± 0.004,0.3 ± 0.2,74.8 ± 0.6
Vande Bharat Pune-Ajni (26101),uniform,1.0,Best-fit,174.9 ± 2.1,0.957 ± 0.004,0.1 ± 0.1,74.9 ± 0.6
Vande Bharat Pune-Ajni (26101),uniform,1.0,Random-fit,177.4 ± 2.1,0.971 ± 0.003,12.8 ± 0.9,71.7 ± 0.5
Vande Bharat Pune-Ajni (26101),uniform,1.0,Deferred,174.9 ± 2.1,0.957 ± 0.004,0.0 ± 0.0,74.9 ± 0.6
Vande Bharat Pune-Ajni (26101),uniform,1.0,Optimum,182.8 ± 2.3,1.000 ± 0.000,,70.4 ± 0.8
Vande Bharat Pune-Ajni (26101),uniform,1.4,First-fit,198.7 ± 2.1,0.875 ± 0.005,0.5 ± 0.2,80.5 ± 0.5
Vande Bharat Pune-Ajni (26101),uniform,1.4,Best-fit,198.7 ± 2.1,0.875 ± 0.005,0.1 ± 0.1,80.6 ± 0.5
Vande Bharat Pune-Ajni (26101),uniform,1.4,Random-fit,205.8 ± 2.2,0.907 ± 0.004,13.7 ± 1.1,78.0 ± 0.5
Vande Bharat Pune-Ajni (26101),uniform,1.4,Deferred,198.7 ± 2.1,0.875 ± 0.005,0.0 ± 0.0,80.6 ± 0.5
Vande Bharat Pune-Ajni (26101),uniform,1.4,Optimum,227.1 ± 2.5,1.000 ± 0.000,,76.3 ± 0.6
